{
    "4647707776344314468": {
        "Name": "NEW STAR",
        "Members": {
            "270135226029167012": {
                "Name": "Nguyễn Đức Tài",
                "MessageCount": 123,
                "LastMessageTime": "07:05:34 - 22/10/2024"
            },
            "8032408953703299683": {
                "Name": "Lndv",
                "MessageCount": 115,
                "LastMessageTime": "00:08:06 - 22/10/2024"
            },
            "1599380619911219497": {
                "Name": "ت ⃢⃢⃢ ⠒̫⃝ ᡃ⃝ᡃ⃝ᡃ⃝ᡃ⃝ᡃ𒈒︎ꊰ ꄲ ꋊ ꓄ꔹ⃟ꗥ̳̳̳̳̳̳̳̳",
                "MessageCount": 2,
                "LastMessageTime": "23:50:45 - 21/10/2024"
            },
            "2552167071901394288": {
                "Name": "‏ ‏ ‏ ‏ ‏‏hetcuu",
                "MessageCount": 3,
                "LastMessageTime": "00:05:05 - 22/10/2024"
            },
            "4915953524998705443": {
                "Name": "Quốc Khánh",
                "MessageCount": 5,
                "LastMessageTime": "23:56:13 - 21/10/2024"
            },
            "8484720268616312740": {
                "Name": "Nguyễn Minh Quan",
                "MessageCount": 48,
                "LastMessageTime": "00:12:32 - 22/10/2024"
            },
            "1646817043001876929": {
                "Name": "Quốc Khánh",
                "MessageCount": 88,
                "LastMessageTime": "02:31:08 - 22/10/2024"
            },
            "4079145157023943047": {
                "Name": "Kiên",
                "MessageCount": 65,
                "LastMessageTime": "06:17:48 - 22/10/2024"
            },
            "725423371817776650": {
                "Name": "そkhánh ᶻz︒",
                "MessageCount": 3,
                "LastMessageTime": "00:49:46 - 22/10/2024"
            },
            "8455869013407220034": {
                "Name": "Ng Thanh",
                "MessageCount": 40,
                "LastMessageTime": "01:57:29 - 22/10/2024"
            },
            "7529972011060820580": {
                "Name": "ꕥ̈̈̈̎̈̎ 𓂄𓆩 Duythais𓆪𓂁 𒈒𒈒𒈒𒈒𒈒𒈒",
                "MessageCount": 9,
                "LastMessageTime": "05:56:20 - 22/10/2024"
            },
            "103367618215445364": {
                "Name": "︎ ︎ ︎ ︎ ︎ ︎︎ ︎ ︎ ︎ ︎ ︎ ︎︎ ︎ ︎",
                "MessageCount": 10,
                "LastMessageTime": "01:32:25 - 22/10/2024"
            },
            "3509999536313265069": {
                "Name": "Phan Lê Bá Khang",
                "MessageCount": 2,
                "LastMessageTime": "00:41:36 - 22/10/2024"
            },
            "3770217816668998473": {
                "Name": "Nguyễn Anh Tuấn",
                "MessageCount": 1,
                "LastMessageTime": "00:48:05 - 22/10/2024"
            },
            "4351745922688071039": {
                "Name": "Hữu Hưng",
                "MessageCount": 15,
                "LastMessageTime": "01:53:09 - 22/10/2024"
            },
            "7323091089790118075": {
                "Name": "Duy Khánh",
                "MessageCount": 5,
                "LastMessageTime": "05:52:38 - 22/10/2024"
            },
            "6463620924249966504": {
                "Name": "Duy Khánh",
                "MessageCount": 12,
                "LastMessageTime": "06:17:59 - 22/10/2024"
            },
            "6680654508256429997": {
                "Name": "٭🪐🛸亗︎︎↪ M̶̷̶て̶̷̶h̷̶̷ིn̷̶̷h̷̶̷𓃮",
                "MessageCount": 1,
                "LastMessageTime": "06:24:27 - 22/10/2024"
            }
        }
    },
    "1948694520264260880": {
        "Name": "BANANA MUSIC OFFICIAL",
        "Members": {
            "8231248103409034272": {
                "Name": "Wiang Tug",
                "MessageCount": 2,
                "LastMessageTime": "00:07:58 - 22/10/2024"
            },
            "6460671542828768435": {
                "Name": "Nguyen Tien Quan",
                "MessageCount": 1,
                "LastMessageTime": "23:51:02 - 21/10/2024"
            },
            "270135226029167012": {
                "Name": "Nguyễn Đức Tài",
                "MessageCount": 5,
                "LastMessageTime": "00:05:46 - 22/10/2024"
            },
            "833937671198930057": {
                "Name": "Minh Tuan",
                "MessageCount": 1,
                "LastMessageTime": "23:59:23 - 21/10/2024"
            },
            "6486147638703797272": {
                "Name": "Mat Biec",
                "MessageCount": 3,
                "LastMessageTime": "00:10:23 - 22/10/2024"
            },
            "5950632413001591695": {
                "Name": "Quan Thanh",
                "MessageCount": 1,
                "LastMessageTime": "00:04:20 - 22/10/2024"
            },
            "3683807601314545924": {
                "Name": "Trung Đức",
                "MessageCount": 3,
                "LastMessageTime": "03:30:45 - 22/10/2024"
            },
            "3803156569361719004": {
                "Name": "Dj Q Mạnh",
                "MessageCount": 1,
                "LastMessageTime": "01:45:52 - 22/10/2024"
            },
            "7794568381887523376": {
                "Name": "Tiến Linh",
                "MessageCount": 2,
                "LastMessageTime": "02:00:31 - 22/10/2024"
            },
            "2176553940148471599": {
                "Name": "An",
                "MessageCount": 1,
                "LastMessageTime": "02:59:45 - 22/10/2024"
            },
            "4229590917533263273": {
                "Name": "Tommy",
                "MessageCount": 1,
                "LastMessageTime": "06:05:06 - 22/10/2024"
            },
            "73251125466032159": {
                "Name": "Nguyen Anh Hieu",
                "MessageCount": 1,
                "LastMessageTime": "06:44:33 - 22/10/2024"
            },
            "3153391870444471768": {
                "Name": "Trường Lâm",
                "MessageCount": 6,
                "LastMessageTime": "07:09:34 - 22/10/2024"
            }
        }
    },
    "8056871395562671572": {
        "Name": "SHARE TOOL FREE 👤",
        "Members": {
            "5761509961642006255": {
                "Name": "Dương Công Bằng",
                "MessageCount": 170,
                "LastMessageTime": "01:26:10 - 22/10/2024"
            },
            "270135226029167012": {
                "Name": "Nguyễn Đức Tài",
                "MessageCount": 9,
                "LastMessageTime": "05:57:33 - 22/10/2024"
            },
            "725423371817776650": {
                "Name": "そkhánh ᶻz︒",
                "MessageCount": 11,
                "LastMessageTime": "01:26:27 - 22/10/2024"
            },
            "918085547560262822": {
                "Name": "Nguyễn Đức Trọng",
                "MessageCount": 1,
                "LastMessageTime": "00:27:47 - 22/10/2024"
            },
            "7089451203768413561": {
                "Name": "黃維自",
                "MessageCount": 1,
                "LastMessageTime": "00:33:38 - 22/10/2024"
            },
            "1646817043001876929": {
                "Name": "Quốc Khánh",
                "MessageCount": 25,
                "LastMessageTime": "05:57:31 - 22/10/2024"
            },
            "4079145157023943047": {
                "Name": "Kiên",
                "MessageCount": 5,
                "LastMessageTime": "05:59:56 - 22/10/2024"
            }
        }
    },
    "3051361320330895171": {
        "Name": "None",
        "Members": {
            "270135226029167012": {
                "Name": "Nguyễn Đức Tài",
                "MessageCount": 2,
                "LastMessageTime": "07:04:46 - 22/10/2024"
            },
            "3051361320330895171": {
                "Name": "Nguyễn Đức Anh",
                "MessageCount": 6,
                "LastMessageTime": "06:16:44 - 22/10/2024"
            }
        }
    },
    "2293219798576505288": {
        "Name": "[ THIÊN LONG QUÁI 🌸𖢘🌸]N1",
        "Members": {
            "1094431465679147563": {
                "Name": "L K𖢘",
                "MessageCount": 11,
                "LastMessageTime": "06:15:44 - 22/10/2024"
            },
            "8293745960858519298": {
                "Name": "︎ ︎ ︎ ︎",
                "MessageCount": 7,
                "LastMessageTime": "00:09:46 - 22/10/2024"
            },
            "5649905452374346611": {
                "Name": "𓂄𖤐෴cậu Cả𖢘 𓆩𓆪",
                "MessageCount": 58,
                "LastMessageTime": "01:09:52 - 22/10/2024"
            },
            "3695793698203800657": {
                "Name": "Zero Two",
                "MessageCount": 14,
                "LastMessageTime": "00:58:07 - 22/10/2024"
            },
            "4708639859105985603": {
                "Name": "Yato𖢘",
                "MessageCount": 3,
                "LastMessageTime": "00:09:45 - 22/10/2024"
            },
            "270135226029167012": {
                "Name": "Nguyễn Đức Tài",
                "MessageCount": 23,
                "LastMessageTime": "00:28:34 - 22/10/2024"
            },
            "8911997918105090998": {
                "Name": "Nht",
                "MessageCount": 2,
                "LastMessageTime": "00:12:33 - 22/10/2024"
            },
            "1961078254798881068": {
                "Name": "Nam Lê",
                "MessageCount": 29,
                "LastMessageTime": "01:11:34 - 22/10/2024"
            },
            "107720476846166629": {
                "Name": "Ynhi Ctee",
                "MessageCount": 5,
                "LastMessageTime": "07:11:03 - 22/10/2024"
            },
            "2031737649712120617": {
                "Name": "Phúc Real",
                "MessageCount": 1,
                "LastMessageTime": "06:12:37 - 22/10/2024"
            },
            "1759686312037949040": {
                "Name": "Đạt𖢘",
                "MessageCount": 2,
                "LastMessageTime": "06:39:55 - 22/10/2024"
            },
            "6406913766862413042": {
                "Name": "︎︎︎︎ ︎︎ ︎︎ ︎︎︎︎ ︎︎ ︎︎ ︎︎︎︎ ︎︎ ︎︎ ︎︎︎︎ ︎",
                "MessageCount": 1,
                "LastMessageTime": "06:40:01 - 22/10/2024"
            },
            "5031919569116069071": {
                "Name": "Qh W Knl ꔫ",
                "MessageCount": 2,
                "LastMessageTime": "06:52:13 - 22/10/2024"
            },
            "1134400220410600613": {
                "Name": "ꕥ̈̈̈̎̈̎𓆝𖢘",
                "MessageCount": 1,
                "LastMessageTime": "07:00:57 - 22/10/2024"
            }
        }
    },
    "1646817043001876929": {
        "Name": "None",
        "Members": {
            "1646817043001876929": {
                "Name": "Quốc Khánh",
                "MessageCount": 3,
                "LastMessageTime": "00:02:19 - 22/10/2024"
            }
        }
    },
    "1134400220410600613": {
        "Name": "None",
        "Members": {
            "1134400220410600613": {
                "Name": "ꕥ̈̈̈̎̈̎𓆝𖢘",
                "MessageCount": 4,
                "LastMessageTime": "00:09:48 - 22/10/2024"
            },
            "270135226029167012": {
                "Name": "Nguyễn Đức Tài",
                "MessageCount": 4,
                "LastMessageTime": "00:09:53 - 22/10/2024"
            }
        }
    },
    "5625126380508918539": {
        "Name": "𝐂𝐇𝐀𝐓𝐁𝐎𝐓 𝐂𝐎𝐌𝐌𝐔𝐍𝐈𝐓𝐘 🤖",
        "Members": {
            "8101629359246078837": {
                "Name": "Huy Nguyễn",
                "MessageCount": 6,
                "LastMessageTime": "00:23:13 - 22/10/2024"
            },
            "270135226029167012": {
                "Name": "Nguyễn Đức Tài",
                "MessageCount": 15,
                "LastMessageTime": "06:25:46 - 22/10/2024"
            },
            "4079145157023943047": {
                "Name": "Kiên",
                "MessageCount": 6,
                "LastMessageTime": "00:39:55 - 22/10/2024"
            },
            "1844123004583666572": {
                "Name": "A Lữ",
                "MessageCount": 4,
                "LastMessageTime": "00:22:56 - 22/10/2024"
            },
            "1423878623874759897": {
                "Name": "Đắc Chung Member Dev",
                "MessageCount": 4,
                "LastMessageTime": "01:12:27 - 22/10/2024"
            },
            "777355835251797714": {
                "Name": "Nnnnn",
                "MessageCount": 1,
                "LastMessageTime": "05:36:52 - 22/10/2024"
            },
            "1646817043001876929": {
                "Name": "Quốc Khánh",
                "MessageCount": 1,
                "LastMessageTime": "06:25:46 - 22/10/2024"
            },
            "3051361320330895171": {
                "Name": "Nguyễn Đức Anh",
                "MessageCount": 2,
                "LastMessageTime": "06:26:00 - 22/10/2024"
            }
        }
    },
    "4407199956768192818": {
        "Name": "💋Đóa hoa rơi 🌺trước cửa tình 🌷",
        "Members": {
            "1421922478610630048": {
                "Name": "Angel",
                "MessageCount": 1,
                "LastMessageTime": "00:18:25 - 22/10/2024"
            },
            "449573570424067622": {
                "Name": "八ng Doãn Đông",
                "MessageCount": 2,
                "LastMessageTime": "01:59:16 - 22/10/2024"
            },
            "270135226029167012": {
                "Name": "Nguyễn Đức Tài",
                "MessageCount": 6,
                "LastMessageTime": "06:22:51 - 22/10/2024"
            },
            "210880036235150070": {
                "Name": "Mỹ Hiền",
                "MessageCount": 1,
                "LastMessageTime": "04:07:54 - 22/10/2024"
            },
            "7450172788115828351": {
                "Name": "Hải Anh",
                "MessageCount": 2,
                "LastMessageTime": "05:03:40 - 22/10/2024"
            },
            "8010876478775537207": {
                "Name": "Cá Kitty🛸",
                "MessageCount": 2,
                "LastMessageTime": "04:57:05 - 22/10/2024"
            },
            "3539577790345495300": {
                "Name": "Nguyễn Linh",
                "MessageCount": 1,
                "LastMessageTime": "05:03:29 - 22/10/2024"
            },
            "8884837162752858966": {
                "Name": "Chu Thị Quỳnh Ngọc",
                "MessageCount": 3,
                "LastMessageTime": "06:14:20 - 22/10/2024"
            },
            "910360075081335737": {
                "Name": "Thắng",
                "MessageCount": 1,
                "LastMessageTime": "05:49:18 - 22/10/2024"
            },
            "3023212386097410287": {
                "Name": "Ttoanzz",
                "MessageCount": 1,
                "LastMessageTime": "06:06:03 - 22/10/2024"
            },
            "5647512977266637892": {
                "Name": "十 Vợ Tomioka Giyuu 🀄",
                "MessageCount": 1,
                "LastMessageTime": "06:22:38 - 22/10/2024"
            },
            "9081864320105880082": {
                "Name": "十 范天金 🀄",
                "MessageCount": 1,
                "LastMessageTime": "06:22:53 - 22/10/2024"
            }
        }
    },
    "8455869013407220034": {
        "Name": "None",
        "Members": {
            "8455869013407220034": {
                "Name": "Ng Thanh",
                "MessageCount": 1,
                "LastMessageTime": "01:21:09 - 22/10/2024"
            }
        }
    },
    "1043075115527019106": {
        "Name": "Lớp 11E ( nhóm mới )",
        "Members": {
            "4418048849425891403": {
                "Name": "Phạm Nguyệt",
                "MessageCount": 1,
                "LastMessageTime": "07:04:23 - 22/10/2024"
            },
            "270135226029167012": {
                "Name": "Nguyễn Đức Tài",
                "MessageCount": 2,
                "LastMessageTime": "07:05:12 - 22/10/2024"
            }
        }
    }
}